{"level":1,"health":20,"mana":21,"stamina":65.75031280517578,"position":{"x":128.07908630371095,"y":1.0799951553344727,"z":120.32893371582031}}