{"level":1,"health":100,"mana":1000,"stamina":100.0,"position":{"x":127.77925109863281,"y":1.079996109008789,"z":121.82827758789063}}