{"level":1,"health":100,"mana":1005,"stamina":20.649723052978517,"position":{"x":130.49159240722657,"y":0.9899961948394775,"z":143.34573364257813}}