{"level":1,"health":100,"mana":1000,"stamina":100.0,"position":{"x":125.19313049316406,"y":1.0539064407348633,"z":128.7772216796875}}