{"level":2,"health":100,"mana":0,"stamina":100.0,"position":{"x":128.46328735351563,"y":0.9999964237213135,"z":125.89115142822266}}