{"level":1,"health":100,"mana":0,"stamina":100.0,"position":{"x":126.61388397216797,"y":0.9999964237213135,"z":121.36885070800781}}