{"level":1,"health":100,"mana":0,"stamina":59.34986877441406,"position":{"x":125.12615203857422,"y":0.9999964237213135,"z":143.97235107421876}}