{"level":1,"health":100,"mana":100,"stamina":100.0,"position":{"x":127.77925109863281,"y":0.9999963641166687,"z":121.82827758789063}}